[
{
    "model": "forum.section",
    "pk": 1,
    "fields": {
        "title": "League Forums"
    }
},
{
    "model": "forum.section",
    "pk": 2,
    "fields": {
        "title": "Northern Conference"
    }
},
{
    "model": "forum.section",
    "pk": 3,
    "fields": {
        "title": "Southern Conference"
    }
},
{
    "model": "forum.board",
    "pk": 1,
    "fields": {
        "title": "General Discussion",
        "section": 1,
        "team": null,
        "description": "<p>The latest news around the British and Irish Baseball League.</p>"
    }
},
{
    "model": "forum.board",
    "pk": 2,
    "fields": {
        "title": "Game Threads",
        "section": 1,
        "team": null,
        "description": "<p>Discuss a particular game before, while or after it is played.</p>"
    }
},
{
    "model": "forum.board",
    "pk": 3,
    "fields": {
        "title": "Transactions",
        "section": 1,
        "team": null,
        "description": "<p>Discuss the latest trade rumours, deals and free agency signings.</p>"
    }
},
{
    "model": "forum.board",
    "pk": 4,
    "fields": {
        "title": "Birmingham Rhinos",
        "section": 3,
        "team": 5,
        "description": "<p>Team board for discussion of the Birmingham Rhinos.</p>"
    }
},
{
    "model": "forum.board",
    "pk": 5,
    "fields": {
        "title": "Bristol Bulls",
        "section": 3,
        "team": 6,
        "description": "<p>Team board for discussion of the Bristol Bulls.</p>"
    }
},
{
    "model": "forum.board",
    "pk": 6,
    "fields": {
        "title": "Cardiff Dragons",
        "section": 3,
        "team": 7,
        "description": "<p>Team board for discussion of the Cardiff Dragons.</p>"
    }
},
{
    "model": "forum.board",
    "pk": 7,
    "fields": {
        "title": "Dublin Harps",
        "section": 2,
        "team": 1,
        "description": "<p>Team board for discussion of the Dublin Harps.</p>"
    }
},
{
    "model": "forum.board",
    "pk": 8,
    "fields": {
        "title": "Glasgow Leopards",
        "section": 2,
        "team": 2,
        "description": "<p>Team board for discussion of the Glasgow Leopards.</p>"
    }
},
{
    "model": "forum.board",
    "pk": 9,
    "fields": {
        "title": "Liverpool Dockers",
        "section": 2,
        "team": 3,
        "description": "<p>Team board for discussion of the Liverpool Dockers.</p>"
    }
},
{
    "model": "forum.board",
    "pk": 10,
    "fields": {
        "title": "London Kings",
        "section": 3,
        "team": 8,
        "description": "<p>Team board for discussion of the London Kings.</p>"
    }
},
{
    "model": "forum.board",
    "pk": 11,
    "fields": {
        "title": "Manchester Comets",
        "section": 2,
        "team": 4,
        "description": "<p>Team board for discussion of the Manchester Comets.</p>"
    }
},
{
    "model": "forum.thread",
    "pk": 9,
    "fields": {
        "title": "Pre-Season Predictions",
        "user": 11,
        "board": 1,
        "created_date": "2018-04-25T11:15:27.617Z",
        "last_post": "2018-04-26T19:39:27.617Z",
        "views": 609
    }
},
{
    "model": "forum.thread",
    "pk": 10,
    "fields": {
        "title": "Opening Day",
        "user": 12,
        "board": 1,
        "created_date": "2018-04-27T11:22:23.966Z",
        "last_post": "2018-04-27T16:09:48.069Z",
        "views": 793
    }
},
{
    "model": "forum.thread",
    "pk": 11,
    "fields": {
        "title": "Season so far...",
        "user": 19,
        "board": 1,
        "created_date": "2018-05-14T11:28:00.118Z",
        "last_post": "2018-05-15T17:11:41.805Z",
        "views": 522
    }
},
{
    "model": "forum.thread",
    "pk": 12,
    "fields": {
        "title": "League Harsh",
        "user": 10,
        "board": 1,
        "created_date": "2018-06-23T22:33:50.008Z",
        "last_post": "2018-06-24T16:55:02.907Z",
        "views": 409
    }
},
{
    "model": "forum.thread",
    "pk": 13,
    "fields": {
        "title": "Amateur Draft",
        "user": 18,
        "board": 1,
        "created_date": "2018-07-07T08:41:13.361Z",
        "last_post": "2018-07-08T15:15:18.178Z",
        "views": 330
    }
},
{
    "model": "forum.thread",
    "pk": 14,
    "fields": {
        "title": "Beacan Trade",
        "user": 9,
        "board": 3,
        "created_date": "2018-03-03T11:54:18.650Z",
        "last_post": "2018-03-04T08:55:42.852Z",
        "views": 113
    }
},
{
    "model": "forum.thread",
    "pk": 15,
    "fields": {
        "title": "Comets-Bulls Deal",
        "user": 12,
        "board": 3,
        "created_date": "2018-06-16T18:58:57.940Z",
        "last_post": "2018-06-17T11:44:23.129Z",
        "views": 270
    }
},
{
    "model": "forum.thread",
    "pk": 16,
    "fields": {
        "title": "Dragons Giving Up?",
        "user": 18,
        "board": 3,
        "created_date": "2018-06-21T09:03:42.411Z",
        "last_post": "2018-06-21T20:20:42.411Z",
        "views": 210
    }
},
{
    "model": "forum.thread",
    "pk": 17,
    "fields": {
        "title": "Looking Good",
        "user": 8,
        "board": 7,
        "created_date": "2018-04-25T09:12:05.502Z",
        "last_post": "2018-04-25T09:12:05.502Z",
        "views": 444
    }
},
{
    "model": "forum.thread",
    "pk": 18,
    "fields": {
        "title": "On Fire!",
        "user": 17,
        "board": 7,
        "created_date": "2018-06-19T14:16:25.050Z",
        "last_post": "2018-06-20T09:12:25.050Z",
        "views": 316
    }
},
{
    "model": "forum.thread",
    "pk": 19,
    "fields": {
        "title": "Could Get Embarrassing",
        "user": 5,
        "board": 6,
        "created_date": "2018-07-05T16:21:29Z",
        "last_post": "2018-07-06T11:09:29Z",
        "views": 119
    }
},
{
    "model": "forum.thread",
    "pk": 20,
    "fields": {
        "title": "Champions?",
        "user": 11,
        "board": 4,
        "created_date": "2018-05-16T19:51:57.467Z",
        "last_post": "2018-05-17T21:36:57.467Z",
        "views": 448
    }
},
{
    "model": "forum.thread",
    "pk": 21,
    "fields": {
        "title": "What Happened?",
        "user": 8,
        "board": 4,
        "created_date": "2018-06-26T11:58:35.902Z",
        "last_post": "2018-06-27T09:12:48.561Z",
        "views": 328
    }
},
{
    "model": "forum.thread",
    "pk": 22,
    "fields": {
        "title": "Record Breakers?",
        "user": 3,
        "board": 4,
        "created_date": "2018-07-07T15:12:26.035Z",
        "last_post": "2018-07-08T12:12:26.035Z",
        "views": 227
    }
},
{
    "model": "forum.thread",
    "pk": 23,
    "fields": {
        "title": "Going to be our year again!",
        "user": 12,
        "board": 11,
        "created_date": "2018-05-01T13:08:30.259Z",
        "last_post": "2018-05-02T10:14:30.259Z",
        "views": 513
    }
},
{
    "model": "forum.thread",
    "pk": 24,
    "fields": {
        "title": "Really Big Win",
        "user": 8,
        "board": 11,
        "created_date": "2018-06-17T23:09:56.292Z",
        "last_post": "2018-06-18T20:16:45.745Z",
        "views": 386
    }
},
{
    "model": "forum.thread",
    "pk": 25,
    "fields": {
        "title": "Really Unlucky",
        "user": 12,
        "board": 8,
        "created_date": "2018-04-25T09:41:24.061Z",
        "last_post": "2018-04-25T14:21:12.918Z",
        "views": 217
    }
},
{
    "model": "forum.thread",
    "pk": 26,
    "fields": {
        "title": "Can't Believe It",
        "user": 15,
        "board": 8,
        "created_date": "2018-05-14T18:23:51.636Z",
        "last_post": "2018-05-15T07:38:51.636Z",
        "views": 449
    }
},
{
    "model": "forum.thread",
    "pk": 27,
    "fields": {
        "title": "Well Played Glasgow",
        "user": 8,
        "board": 8,
        "created_date": "2018-06-30T23:28:03.340Z",
        "last_post": "2018-07-01T21:49:47.092Z",
        "views": 220
    }
},
{
    "model": "forum.thread",
    "pk": 28,
    "fields": {
        "title": "What a Disgrace",
        "user": 20,
        "board": 5,
        "created_date": "2018-05-07T13:33:17.089Z",
        "last_post": "2018-05-07T21:28:17.089Z",
        "views": 335
    }
},
{
    "model": "forum.thread",
    "pk": 29,
    "fields": {
        "title": "Back to Normal",
        "user": 20,
        "board": 5,
        "created_date": "2018-06-16T23:36:25.349Z",
        "last_post": "2018-06-17T11:48:25.349Z",
        "views": 212
    }
},
{
    "model": "forum.thread",
    "pk": 30,
    "fields": {
        "title": "Trying not to panic...",
        "user": 3,
        "board": 9,
        "created_date": "2018-05-20T10:43:36.627Z",
        "last_post": "2018-05-28T00:12:36.627Z",
        "views": 469
    }
},
{
    "model": "forum.thread",
    "pk": 31,
    "fields": {
        "title": "We need a sweep!",
        "user": 9,
        "board": 9,
        "created_date": "2018-06-25T14:51:01.783Z",
        "last_post": "2018-06-25T22:14:01.783Z",
        "views": 339
    }
},
{
    "model": "forum.thread",
    "pk": 32,
    "fields": {
        "title": "What's Going On?",
        "user": 11,
        "board": 10,
        "created_date": "2018-05-16T15:50:57.159Z",
        "last_post": "2018-05-17T10:12:57.159Z",
        "views": 513
    }
},
{
    "model": "forum.thread",
    "pk": 33,
    "fields": {
        "title": "Stunning!",
        "user": 4,
        "board": 10,
        "created_date": "2018-06-25T08:41:53.661Z",
        "last_post": "2018-06-25T19:09:53.661Z",
        "views": 289
    }
},
{
    "model": "forum.thread",
    "pk": 34,
    "fields": {
        "title": "Dublin-Liverpool 27/4/18",
        "user": 9,
        "board": 2,
        "created_date": "2018-04-27T12:31:43.526Z",
        "last_post": "2018-04-27T17:09:43.526Z",
        "views": 322
    }
},
{
    "model": "forum.thread",
    "pk": 35,
    "fields": {
        "title": "London @ Bristol, 29/04/18",
        "user": 20,
        "board": 2,
        "created_date": "2018-04-29T11:24:29.672Z",
        "last_post": "2018-04-29T17:53:09.870Z",
        "views": 432
    }
},
{
    "model": "forum.thread",
    "pk": 36,
    "fields": {
        "title": "Cardiff-London, 5th May",
        "user": 4,
        "board": 2,
        "created_date": "2018-05-05T13:04:07.622Z",
        "last_post": "2018-05-05T16:51:07.622Z",
        "views": 376
    }
},
{
    "model": "forum.thread",
    "pk": 37,
    "fields": {
        "title": "Manchester @ Dublin, 13-05-2018",
        "user": 12,
        "board": 2,
        "created_date": "2018-05-13T12:06:00.525Z",
        "last_post": "2018-05-13T16:54:00.525Z",
        "views": 443
    }
},
{
    "model": "forum.thread",
    "pk": 38,
    "fields": {
        "title": "Cardiff v Glasgow, 18 May",
        "user": 18,
        "board": 2,
        "created_date": "2018-05-18T13:00:01.233Z",
        "last_post": "2018-05-18T16:19:01.233Z",
        "views": 299
    }
},
{
    "model": "forum.thread",
    "pk": 39,
    "fields": {
        "title": "Glasgow @ Bristol, 26/05/18",
        "user": 20,
        "board": 2,
        "created_date": "2018-05-26T18:51:19.195Z",
        "last_post": "2018-05-26T23:29:19.195Z",
        "views": 444
    }
},
{
    "model": "forum.thread",
    "pk": 40,
    "fields": {
        "title": "Liverpool v London, 3 June",
        "user": 9,
        "board": 2,
        "created_date": "2018-06-03T18:30:08.444Z",
        "last_post": "2018-06-03T18:30:08.444Z",
        "views": 312
    }
},
{
    "model": "forum.thread",
    "pk": 41,
    "fields": {
        "title": "Birmingham @ Manchester, 09-06-2018",
        "user": 12,
        "board": 2,
        "created_date": "2018-06-09T18:45:58.086Z",
        "last_post": "2018-06-09T22:48:58.086Z",
        "views": 409
    }
},
{
    "model": "forum.thread",
    "pk": 42,
    "fields": {
        "title": "Glasgow/Dublin 15/6/2018",
        "user": 17,
        "board": 2,
        "created_date": "2018-06-15T12:44:54.658Z",
        "last_post": "2018-06-15T15:59:54.658Z",
        "views": 229
    }
},
{
    "model": "forum.thread",
    "pk": 43,
    "fields": {
        "title": "Liverpool-Glasgow 24/6/18",
        "user": 9,
        "board": 2,
        "created_date": "2018-06-24T19:02:03.161Z",
        "last_post": "2018-06-24T22:48:03.161Z",
        "views": 400
    }
},
{
    "model": "forum.thread",
    "pk": 44,
    "fields": {
        "title": "Birmingham @ Cardiff, 1st July 18",
        "user": 2,
        "board": 2,
        "created_date": "2018-07-01T19:02:47.182Z",
        "last_post": "2018-07-01T22:02:47.182Z",
        "views": 453
    }
},
{
    "model": "forum.post",
    "pk": 19,
    "fields": {
        "user": 11,
        "thread": 9,
        "content": "<p>The league's official pre-season predictions are out today - what does everyone think?</p>\r\n<p>North - Liverpool 39-21, Manchester 31-29, Glasgow 28-32, Dublin 28-32<br />South - Birmingham 37-23, Bristol 29-31, London 28-32, Cardiff 22-38</p>\r\n<p>I think they are underestimating Manchester and London on those!</p>",
        "created_date": "2018-04-25T11:15:27.617Z"
    }
},
{
    "model": "forum.post",
    "pk": 20,
    "fields": {
        "user": 6,
        "thread": 9,
        "content": "<p>Manchester will definitely be stronger than that, and I don't think Liverpool will be that good. The North will be a lot closer than they are saying.</p>",
        "created_date": "2018-04-25T12:22:02.562Z"
    }
},
{
    "model": "forum.post",
    "pk": 21,
    "fields": {
        "user": 13,
        "thread": 9,
        "content": "<p>London's prediction might be a bit under what they end up with, but I don't see them challenging Birmingham like they did last year - their hitting isn't good enough.</p>",
        "created_date": "2018-04-25T14:57:49.802Z"
    }
},
{
    "model": "forum.post",
    "pk": 22,
    "fields": {
        "user": 8,
        "thread": 9,
        "content": "<p>Could be optimistic for the Leopards too. Either that, or the Harps will be better than predicted - either way, Glasgow will finish last in the North by a few games.</p>",
        "created_date": "2018-04-25T16:39:25.231Z"
    }
},
{
    "model": "forum.post",
    "pk": 23,
    "fields": {
        "user": 15,
        "thread": 9,
        "content": "<p>I'm hoping we can challenge Dublin for third, but it will be Manchester or Liverpool to win it.</p>",
        "created_date": "2018-04-25T17:11:51.947Z"
    }
},
{
    "model": "forum.post",
    "pk": 24,
    "fields": {
        "user": 9,
        "thread": 9,
        "content": "<p>Looks about right to me - another title for the Dockers this year!</p>",
        "created_date": "2018-04-25T19:31:07.817Z"
    }
},
{
    "model": "forum.post",
    "pk": 25,
    "fields": {
        "user": 2,
        "thread": 9,
        "content": "<p>Would be surprised if the South was as easy at that for the Rhinos. Think we'll win it again, but not by eight games.</p>",
        "created_date": "2018-04-25T20:12:34.211Z"
    }
},
{
    "model": "forum.post",
    "pk": 26,
    "fields": {
        "user": 20,
        "thread": 9,
        "content": "<p>I would be very disappointed if the Bulls ended with a losing record this year. Our team is much better than that.</p>",
        "created_date": "2018-04-25T23:13:33.498Z"
    }
},
{
    "model": "forum.post",
    "pk": 27,
    "fields": {
        "user": 12,
        "thread": 9,
        "content": "<p>The Comets should win several more than 31 games. Maybe 35 or 36, and win the North by a game or two.</p>",
        "created_date": "2018-04-26T08:14:10.279Z"
    }
},
{
    "model": "forum.post",
    "pk": 28,
    "fields": {
        "user": 18,
        "thread": 9,
        "content": "<p>Sadly I think it's right for Cardiff - hopefully a few more wins but 25 is realistically the best we can expect.</p>",
        "created_date": "2018-04-26T14:21:49.802Z"
    }
},
{
    "model": "forum.post",
    "pk": 29,
    "fields": {
        "user": 10,
        "thread": 9,
        "content": "<p>Why predict the Kings so low?</p>",
        "created_date": "2018-04-26T16:08:02.562Z"
    }
},
{
    "model": "forum.post",
    "pk": 30,
    "fields": {
        "user": 7,
        "thread": 9,
        "content": "<p>Bad hitting!</p>",
        "created_date": "2018-04-26T19:39:27.617Z"
    }
}
]
