[
{
    "model": "store.product",
    "pk": 1,
    "fields": {
        "type": "Jersey",
        "team": 1,
        "description": "Home Jersey",
        "picture": "images/store/dublin_home.png",
        "price": "29.99"
    }
},
{
    "model": "store.product",
    "pk": 2,
    "fields": {
        "type": "Jersey",
        "team": 2,
        "description": "Home Jersey",
        "picture": "images/store/glasgow_home.png",
        "price": "29.99"
    }
},
{
    "model": "store.product",
    "pk": 3,
    "fields": {
        "type": "Jersey",
        "team": 3,
        "description": "Home Jersey",
        "picture": "images/store/liverpool_home.png",
        "price": "29.99"
    }
},
{
    "model": "store.product",
    "pk": 4,
    "fields": {
        "type": "Jersey",
        "team": 4,
        "description": "Home Jersey",
        "picture": "images/store/manchester_home.png",
        "price": "29.99"
    }
},
{
    "model": "store.product",
    "pk": 5,
    "fields": {
        "type": "Jersey",
        "team": 5,
        "description": "Home Jersey",
        "picture": "images/store/birmingham_home.png",
        "price": "29.99"
    }
},
{
    "model": "store.product",
    "pk": 6,
    "fields": {
        "type": "Jersey",
        "team": 6,
        "description": "Home Jersey",
        "picture": "images/store/bristol_home.png",
        "price": "29.99"
    }
},
{
    "model": "store.product",
    "pk": 7,
    "fields": {
        "type": "Jersey",
        "team": 7,
        "description": "Home Jersey",
        "picture": "images/store/cardiff_home.png",
        "price": "29.99"
    }
},
{
    "model": "store.product",
    "pk": 8,
    "fields": {
        "type": "Jersey",
        "team": 8,
        "description": "Home Jersey",
        "picture": "images/store/london_home.png",
        "price": "29.99"
    }
},
{
    "model": "store.product",
    "pk": 9,
    "fields": {
        "type": "Jersey",
        "team": 1,
        "description": "Away Jersey",
        "picture": "images/store/dublin_away.png",
        "price": "29.99"
    }
},
{
    "model": "store.product",
    "pk": 10,
    "fields": {
        "type": "Jersey",
        "team": 2,
        "description": "Away Jersey",
        "picture": "images/store/glasgow_away.png",
        "price": "29.99"
    }
},
{
    "model": "store.product",
    "pk": 11,
    "fields": {
        "type": "Jersey",
        "team": 3,
        "description": "Away Jersey",
        "picture": "images/store/liverpool_away.png",
        "price": "29.99"
    }
},
{
    "model": "store.product",
    "pk": 12,
    "fields": {
        "type": "Jersey",
        "team": 4,
        "description": "Away Jersey",
        "picture": "images/store/manchester_away.png",
        "price": "29.99"
    }
},
{
    "model": "store.product",
    "pk": 13,
    "fields": {
        "type": "Jersey",
        "team": 5,
        "description": "Away Jersey",
        "picture": "images/store/birmingham_away.png",
        "price": "29.99"
    }
},
{
    "model": "store.product",
    "pk": 14,
    "fields": {
        "type": "Jersey",
        "team": 6,
        "description": "Away Jersey",
        "picture": "images/store/bristol_away.png",
        "price": "29.99"
    }
},
{
    "model": "store.product",
    "pk": 15,
    "fields": {
        "type": "Jersey",
        "team": 7,
        "description": "Away Jersey",
        "picture": "images/store/cardiff_away.png",
        "price": "29.99"
    }
},
{
    "model": "store.product",
    "pk": 16,
    "fields": {
        "type": "Jersey",
        "team": 8,
        "description": "Away Jersey",
        "picture": "images/store/london_away.png",
        "price": "29.99"
    }
},
{
    "model": "store.product",
    "pk": 17,
    "fields": {
        "type": "Jersey",
        "team": 8,
        "description": "Alternate Jersey",
        "picture": "images/store/london_alternate.png",
        "price": "29.99"
    }
},
{
    "model": "store.product",
    "pk": 18,
    "fields": {
        "type": "Cap",
        "team": 8,
        "description": "Baseball Cap",
        "picture": "images/store/london_cap.png",
        "price": "14.99"
    }
},
{
    "model": "store.product",
    "pk": 19,
    "fields": {
        "type": "Jersey",
        "team": 7,
        "description": "Alternate Jersey",
        "picture": "images/store/cardiff_alternate.png",
        "price": "29.99"
    }
},
{
    "model": "store.product",
    "pk": 20,
    "fields": {
        "type": "Cap",
        "team": 7,
        "description": "Baseball Cap",
        "picture": "images/store/cardiff_cap.png",
        "price": "14.99"
    }
},
{
    "model": "store.product",
    "pk": 21,
    "fields": {
        "type": "Jersey",
        "team": 6,
        "description": "Alternate Jersey",
        "picture": "images/store/bristol_alternate.png",
        "price": "29.99"
    }
},
{
    "model": "store.product",
    "pk": 22,
    "fields": {
        "type": "Cap",
        "team": 6,
        "description": "Baseball Cap",
        "picture": "images/store/bristol_cap.png",
        "price": "14.99"
    }
},
{
    "model": "store.product",
    "pk": 23,
    "fields": {
        "type": "Jersey",
        "team": 5,
        "description": "Alternate Jersey",
        "picture": "images/store/birmingham_alternate.png",
        "price": "29.99"
    }
},
{
    "model": "store.product",
    "pk": 24,
    "fields": {
        "type": "Cap",
        "team": 5,
        "description": "Baseball Cap",
        "picture": "images/store/birmingham_cap.png",
        "price": "14.99"
    }
},
{
    "model": "store.product",
    "pk": 25,
    "fields": {
        "type": "Jersey",
        "team": 4,
        "description": "Alternate Jersey",
        "picture": "images/store/manchester_alternate.png",
        "price": "29.99"
    }
},
{
    "model": "store.product",
    "pk": 26,
    "fields": {
        "type": "Cap",
        "team": 4,
        "description": "Baseball Cap",
        "picture": "images/store/manchester_cap.png",
        "price": "14.99"
    }
},
{
    "model": "store.product",
    "pk": 27,
    "fields": {
        "type": "Jersey",
        "team": 3,
        "description": "Alternate Jersey",
        "picture": "images/store/liverpool_alternate.png",
        "price": "29.99"
    }
},
{
    "model": "store.product",
    "pk": 28,
    "fields": {
        "type": "Cap",
        "team": 3,
        "description": "Baseball Cap",
        "picture": "images/store/liverpool_cap.png",
        "price": "14.99"
    }
},
{
    "model": "store.product",
    "pk": 29,
    "fields": {
        "type": "Jersey",
        "team": 2,
        "description": "Alternate Jersey",
        "picture": "images/store/glasgow_alternate.png",
        "price": "29.99"
    }
},
{
    "model": "store.product",
    "pk": 30,
    "fields": {
        "type": "Cap",
        "team": 2,
        "description": "Baseball Cap",
        "picture": "images/store/glasgow_cap.png",
        "price": "14.99"
    }
},
{
    "model": "store.product",
    "pk": 31,
    "fields": {
        "type": "Jersey",
        "team": 1,
        "description": "Alternate Jersey",
        "picture": "images/store/dublin_alternate.png",
        "price": "29.99"
    }
},
{
    "model": "store.product",
    "pk": 32,
    "fields": {
        "type": "Cap",
        "team": 1,
        "description": "Baseball Cap",
        "picture": "images/store/dublin_cap.png",
        "price": "14.99"
    }
},
{
    "model": "store.item",
    "pk": 1,
    "fields": {
        "product": 1,
        "size": "XS",
        "stock": 998
    }
},
{
    "model": "store.item",
    "pk": 2,
    "fields": {
        "product": 1,
        "size": "S",
        "stock": 1003
    }
},
{
    "model": "store.item",
    "pk": 3,
    "fields": {
        "product": 1,
        "size": "M",
        "stock": 1000
    }
},
{
    "model": "store.item",
    "pk": 4,
    "fields": {
        "product": 1,
        "size": "L",
        "stock": 1000
    }
},
{
    "model": "store.item",
    "pk": 5,
    "fields": {
        "product": 1,
        "size": "XL",
        "stock": 999
    }
},
{
    "model": "store.item",
    "pk": 6,
    "fields": {
        "product": 1,
        "size": "XXL",
        "stock": 999
    }
},
{
    "model": "store.item",
    "pk": 7,
    "fields": {
        "product": 2,
        "size": "XS",
        "stock": 998
    }
},
{
    "model": "store.item",
    "pk": 8,
    "fields": {
        "product": 2,
        "size": "S",
        "stock": 1000
    }
},
{
    "model": "store.item",
    "pk": 9,
    "fields": {
        "product": 2,
        "size": "M",
        "stock": 1000
    }
},
{
    "model": "store.item",
    "pk": 10,
    "fields": {
        "product": 2,
        "size": "L",
        "stock": 1000
    }
},
{
    "model": "store.item",
    "pk": 11,
    "fields": {
        "product": 2,
        "size": "XL",
        "stock": 1000
    }
},
{
    "model": "store.item",
    "pk": 12,
    "fields": {
        "product": 2,
        "size": "XXL",
        "stock": 1000
    }
},
{
    "model": "store.item",
    "pk": 13,
    "fields": {
        "product": 3,
        "size": "XS",
        "stock": 999
    }
},
{
    "model": "store.item",
    "pk": 14,
    "fields": {
        "product": 3,
        "size": "S",
        "stock": 1000
    }
},
{
    "model": "store.item",
    "pk": 15,
    "fields": {
        "product": 3,
        "size": "M",
        "stock": 1000
    }
},
{
    "model": "store.item",
    "pk": 16,
    "fields": {
        "product": 3,
        "size": "L",
        "stock": 1000
    }
},
{
    "model": "store.item",
    "pk": 17,
    "fields": {
        "product": 3,
        "size": "XL",
        "stock": 998
    }
},
{
    "model": "store.item",
    "pk": 18,
    "fields": {
        "product": 3,
        "size": "XXL",
        "stock": 1000
    }
},
{
    "model": "store.item",
    "pk": 19,
    "fields": {
        "product": 4,
        "size": "XS",
        "stock": 1000
    }
},
{
    "model": "store.item",
    "pk": 20,
    "fields": {
        "product": 4,
        "size": "S",
        "stock": 1000
    }
},
{
    "model": "store.item",
    "pk": 21,
    "fields": {
        "product": 4,
        "size": "M",
        "stock": 1000
    }
},
{
    "model": "store.item",
    "pk": 22,
    "fields": {
        "product": 4,
        "size": "L",
        "stock": 1000
    }
},
{
    "model": "store.item",
    "pk": 23,
    "fields": {
        "product": 4,
        "size": "XL",
        "stock": 1000
    }
},
{
    "model": "store.item",
    "pk": 24,
    "fields": {
        "product": 4,
        "size": "XXL",
        "stock": 1000
    }
},
{
    "model": "store.item",
    "pk": 25,
    "fields": {
        "product": 5,
        "size": "XS",
        "stock": 999
    }
},
{
    "model": "store.item",
    "pk": 26,
    "fields": {
        "product": 5,
        "size": "S",
        "stock": 1000
    }
},
{
    "model": "store.item",
    "pk": 27,
    "fields": {
        "product": 5,
        "size": "M",
        "stock": 1000
    }
},
{
    "model": "store.item",
    "pk": 28,
    "fields": {
        "product": 5,
        "size": "L",
        "stock": 1000
    }
},
{
    "model": "store.item",
    "pk": 29,
    "fields": {
        "product": 5,
        "size": "XL",
        "stock": 999
    }
},
{
    "model": "store.item",
    "pk": 30,
    "fields": {
        "product": 5,
        "size": "XXL",
        "stock": 1000
    }
},
{
    "model": "store.item",
    "pk": 31,
    "fields": {
        "product": 6,
        "size": "XS",
        "stock": 987
    }
},
{
    "model": "store.item",
    "pk": 32,
    "fields": {
        "product": 6,
        "size": "S",
        "stock": 1000
    }
},
{
    "model": "store.item",
    "pk": 33,
    "fields": {
        "product": 6,
        "size": "M",
        "stock": 1000
    }
},
{
    "model": "store.item",
    "pk": 34,
    "fields": {
        "product": 6,
        "size": "L",
        "stock": 1000
    }
},
{
    "model": "store.item",
    "pk": 35,
    "fields": {
        "product": 6,
        "size": "XL",
        "stock": 1000
    }
},
{
    "model": "store.item",
    "pk": 36,
    "fields": {
        "product": 6,
        "size": "XXL",
        "stock": 1000
    }
},
{
    "model": "store.item",
    "pk": 37,
    "fields": {
        "product": 7,
        "size": "XS",
        "stock": 1000
    }
},
{
    "model": "store.item",
    "pk": 38,
    "fields": {
        "product": 7,
        "size": "S",
        "stock": 1000
    }
},
{
    "model": "store.item",
    "pk": 39,
    "fields": {
        "product": 7,
        "size": "M",
        "stock": 1000
    }
},
{
    "model": "store.item",
    "pk": 40,
    "fields": {
        "product": 7,
        "size": "L",
        "stock": 1000
    }
},
{
    "model": "store.item",
    "pk": 41,
    "fields": {
        "product": 7,
        "size": "XL",
        "stock": 1000
    }
},
{
    "model": "store.item",
    "pk": 42,
    "fields": {
        "product": 7,
        "size": "XXL",
        "stock": 1000
    }
},
{
    "model": "store.item",
    "pk": 43,
    "fields": {
        "product": 8,
        "size": "XS",
        "stock": 1000
    }
},
{
    "model": "store.item",
    "pk": 44,
    "fields": {
        "product": 8,
        "size": "S",
        "stock": 1000
    }
},
{
    "model": "store.item",
    "pk": 45,
    "fields": {
        "product": 8,
        "size": "M",
        "stock": 999
    }
},
{
    "model": "store.item",
    "pk": 46,
    "fields": {
        "product": 8,
        "size": "L",
        "stock": 1000
    }
},
{
    "model": "store.item",
    "pk": 47,
    "fields": {
        "product": 8,
        "size": "XL",
        "stock": 1000
    }
},
{
    "model": "store.item",
    "pk": 48,
    "fields": {
        "product": 8,
        "size": "XXL",
        "stock": 1000
    }
},
{
    "model": "store.item",
    "pk": 49,
    "fields": {
        "product": 9,
        "size": "XS",
        "stock": 1000
    }
},
{
    "model": "store.item",
    "pk": 50,
    "fields": {
        "product": 9,
        "size": "S",
        "stock": 1000
    }
},
{
    "model": "store.item",
    "pk": 51,
    "fields": {
        "product": 9,
        "size": "M",
        "stock": 1000
    }
},
{
    "model": "store.item",
    "pk": 52,
    "fields": {
        "product": 9,
        "size": "L",
        "stock": 1000
    }
},
{
    "model": "store.item",
    "pk": 53,
    "fields": {
        "product": 9,
        "size": "XL",
        "stock": 1000
    }
},
{
    "model": "store.item",
    "pk": 54,
    "fields": {
        "product": 9,
        "size": "XXL",
        "stock": 1000
    }
},
{
    "model": "store.item",
    "pk": 55,
    "fields": {
        "product": 10,
        "size": "XS",
        "stock": 1000
    }
},
{
    "model": "store.item",
    "pk": 56,
    "fields": {
        "product": 10,
        "size": "S",
        "stock": 1000
    }
},
{
    "model": "store.item",
    "pk": 57,
    "fields": {
        "product": 10,
        "size": "M",
        "stock": 1000
    }
},
{
    "model": "store.item",
    "pk": 58,
    "fields": {
        "product": 10,
        "size": "L",
        "stock": 1000
    }
},
{
    "model": "store.item",
    "pk": 59,
    "fields": {
        "product": 10,
        "size": "XL",
        "stock": 1000
    }
},
{
    "model": "store.item",
    "pk": 60,
    "fields": {
        "product": 10,
        "size": "XXL",
        "stock": 1000
    }
},
{
    "model": "store.item",
    "pk": 61,
    "fields": {
        "product": 11,
        "size": "XS",
        "stock": 1000
    }
},
{
    "model": "store.item",
    "pk": 62,
    "fields": {
        "product": 11,
        "size": "S",
        "stock": 1000
    }
},
{
    "model": "store.item",
    "pk": 63,
    "fields": {
        "product": 11,
        "size": "M",
        "stock": 1000
    }
},
{
    "model": "store.item",
    "pk": 64,
    "fields": {
        "product": 11,
        "size": "L",
        "stock": 1000
    }
},
{
    "model": "store.item",
    "pk": 65,
    "fields": {
        "product": 11,
        "size": "XL",
        "stock": 1000
    }
},
{
    "model": "store.item",
    "pk": 66,
    "fields": {
        "product": 11,
        "size": "XXL",
        "stock": 1000
    }
},
{
    "model": "store.item",
    "pk": 67,
    "fields": {
        "product": 12,
        "size": "XS",
        "stock": 1000
    }
},
{
    "model": "store.item",
    "pk": 68,
    "fields": {
        "product": 12,
        "size": "S",
        "stock": 1000
    }
},
{
    "model": "store.item",
    "pk": 69,
    "fields": {
        "product": 12,
        "size": "M",
        "stock": 1000
    }
},
{
    "model": "store.item",
    "pk": 70,
    "fields": {
        "product": 12,
        "size": "L",
        "stock": 1000
    }
},
{
    "model": "store.item",
    "pk": 71,
    "fields": {
        "product": 12,
        "size": "XL",
        "stock": 1000
    }
},
{
    "model": "store.item",
    "pk": 72,
    "fields": {
        "product": 12,
        "size": "XXL",
        "stock": 1000
    }
},
{
    "model": "store.item",
    "pk": 73,
    "fields": {
        "product": 13,
        "size": "XS",
        "stock": 999
    }
},
{
    "model": "store.item",
    "pk": 74,
    "fields": {
        "product": 13,
        "size": "S",
        "stock": 1000
    }
},
{
    "model": "store.item",
    "pk": 75,
    "fields": {
        "product": 13,
        "size": "M",
        "stock": 1000
    }
},
{
    "model": "store.item",
    "pk": 76,
    "fields": {
        "product": 13,
        "size": "L",
        "stock": 1000
    }
},
{
    "model": "store.item",
    "pk": 77,
    "fields": {
        "product": 13,
        "size": "XL",
        "stock": 1000
    }
},
{
    "model": "store.item",
    "pk": 78,
    "fields": {
        "product": 13,
        "size": "XXL",
        "stock": 1000
    }
},
{
    "model": "store.item",
    "pk": 79,
    "fields": {
        "product": 14,
        "size": "XS",
        "stock": 999
    }
},
{
    "model": "store.item",
    "pk": 80,
    "fields": {
        "product": 14,
        "size": "S",
        "stock": 1000
    }
},
{
    "model": "store.item",
    "pk": 81,
    "fields": {
        "product": 14,
        "size": "M",
        "stock": 1000
    }
},
{
    "model": "store.item",
    "pk": 82,
    "fields": {
        "product": 14,
        "size": "L",
        "stock": 1000
    }
},
{
    "model": "store.item",
    "pk": 83,
    "fields": {
        "product": 14,
        "size": "XL",
        "stock": 1000
    }
},
{
    "model": "store.item",
    "pk": 84,
    "fields": {
        "product": 14,
        "size": "XXL",
        "stock": 1000
    }
},
{
    "model": "store.item",
    "pk": 85,
    "fields": {
        "product": 15,
        "size": "XS",
        "stock": 999
    }
},
{
    "model": "store.item",
    "pk": 86,
    "fields": {
        "product": 15,
        "size": "S",
        "stock": 1000
    }
},
{
    "model": "store.item",
    "pk": 87,
    "fields": {
        "product": 15,
        "size": "M",
        "stock": 1000
    }
},
{
    "model": "store.item",
    "pk": 88,
    "fields": {
        "product": 15,
        "size": "L",
        "stock": 1000
    }
},
{
    "model": "store.item",
    "pk": 89,
    "fields": {
        "product": 15,
        "size": "XL",
        "stock": 1000
    }
},
{
    "model": "store.item",
    "pk": 90,
    "fields": {
        "product": 15,
        "size": "XXL",
        "stock": 1000
    }
},
{
    "model": "store.item",
    "pk": 91,
    "fields": {
        "product": 16,
        "size": "XS",
        "stock": 1000
    }
},
{
    "model": "store.item",
    "pk": 92,
    "fields": {
        "product": 16,
        "size": "S",
        "stock": 1000
    }
},
{
    "model": "store.item",
    "pk": 93,
    "fields": {
        "product": 16,
        "size": "M",
        "stock": 1000
    }
},
{
    "model": "store.item",
    "pk": 94,
    "fields": {
        "product": 16,
        "size": "L",
        "stock": 1000
    }
},
{
    "model": "store.item",
    "pk": 95,
    "fields": {
        "product": 16,
        "size": "XL",
        "stock": 1000
    }
},
{
    "model": "store.item",
    "pk": 96,
    "fields": {
        "product": 16,
        "size": "XXL",
        "stock": 1000
    }
},
{
    "model": "store.item",
    "pk": 97,
    "fields": {
        "product": 17,
        "size": "XS",
        "stock": 999
    }
},
{
    "model": "store.item",
    "pk": 98,
    "fields": {
        "product": 17,
        "size": "S",
        "stock": 1000
    }
},
{
    "model": "store.item",
    "pk": 99,
    "fields": {
        "product": 17,
        "size": "M",
        "stock": 1000
    }
},
{
    "model": "store.item",
    "pk": 100,
    "fields": {
        "product": 17,
        "size": "L",
        "stock": 1000
    }
},
{
    "model": "store.item",
    "pk": 101,
    "fields": {
        "product": 17,
        "size": "XL",
        "stock": 1000
    }
},
{
    "model": "store.item",
    "pk": 102,
    "fields": {
        "product": 17,
        "size": "XXL",
        "stock": 1000
    }
},
{
    "model": "store.item",
    "pk": 103,
    "fields": {
        "product": 18,
        "size": "S",
        "stock": 1000
    }
},
{
    "model": "store.item",
    "pk": 104,
    "fields": {
        "product": 18,
        "size": "M",
        "stock": 1001
    }
},
{
    "model": "store.item",
    "pk": 105,
    "fields": {
        "product": 18,
        "size": "L",
        "stock": 999
    }
},
{
    "model": "store.item",
    "pk": 106,
    "fields": {
        "product": 18,
        "size": "XL",
        "stock": 999
    }
},
{
    "model": "store.item",
    "pk": 107,
    "fields": {
        "product": 19,
        "size": "XS",
        "stock": 999
    }
},
{
    "model": "store.item",
    "pk": 108,
    "fields": {
        "product": 19,
        "size": "S",
        "stock": 1000
    }
},
{
    "model": "store.item",
    "pk": 109,
    "fields": {
        "product": 19,
        "size": "M",
        "stock": 1000
    }
},
{
    "model": "store.item",
    "pk": 110,
    "fields": {
        "product": 19,
        "size": "L",
        "stock": 1000
    }
},
{
    "model": "store.item",
    "pk": 111,
    "fields": {
        "product": 19,
        "size": "XL",
        "stock": 1000
    }
},
{
    "model": "store.item",
    "pk": 112,
    "fields": {
        "product": 19,
        "size": "XXL",
        "stock": 1000
    }
},
{
    "model": "store.item",
    "pk": 113,
    "fields": {
        "product": 20,
        "size": "S",
        "stock": 999
    }
},
{
    "model": "store.item",
    "pk": 114,
    "fields": {
        "product": 20,
        "size": "M",
        "stock": 1000
    }
},
{
    "model": "store.item",
    "pk": 115,
    "fields": {
        "product": 20,
        "size": "L",
        "stock": 1000
    }
},
{
    "model": "store.item",
    "pk": 116,
    "fields": {
        "product": 20,
        "size": "XL",
        "stock": 1000
    }
},
{
    "model": "store.item",
    "pk": 117,
    "fields": {
        "product": 21,
        "size": "XS",
        "stock": 1000
    }
},
{
    "model": "store.item",
    "pk": 118,
    "fields": {
        "product": 21,
        "size": "S",
        "stock": 1000
    }
},
{
    "model": "store.item",
    "pk": 119,
    "fields": {
        "product": 21,
        "size": "M",
        "stock": 1000
    }
},
{
    "model": "store.item",
    "pk": 120,
    "fields": {
        "product": 21,
        "size": "L",
        "stock": 1000
    }
},
{
    "model": "store.item",
    "pk": 121,
    "fields": {
        "product": 21,
        "size": "XL",
        "stock": 1000
    }
},
{
    "model": "store.item",
    "pk": 122,
    "fields": {
        "product": 21,
        "size": "XXL",
        "stock": 1000
    }
},
{
    "model": "store.item",
    "pk": 123,
    "fields": {
        "product": 22,
        "size": "S",
        "stock": 1000
    }
},
{
    "model": "store.item",
    "pk": 124,
    "fields": {
        "product": 22,
        "size": "M",
        "stock": 1000
    }
},
{
    "model": "store.item",
    "pk": 125,
    "fields": {
        "product": 22,
        "size": "L",
        "stock": 1000
    }
},
{
    "model": "store.item",
    "pk": 126,
    "fields": {
        "product": 22,
        "size": "XL",
        "stock": 1000
    }
},
{
    "model": "store.item",
    "pk": 127,
    "fields": {
        "product": 23,
        "size": "XS",
        "stock": 1000
    }
},
{
    "model": "store.item",
    "pk": 128,
    "fields": {
        "product": 23,
        "size": "S",
        "stock": 1000
    }
},
{
    "model": "store.item",
    "pk": 129,
    "fields": {
        "product": 23,
        "size": "M",
        "stock": 1000
    }
},
{
    "model": "store.item",
    "pk": 130,
    "fields": {
        "product": 23,
        "size": "L",
        "stock": 1000
    }
},
{
    "model": "store.item",
    "pk": 131,
    "fields": {
        "product": 23,
        "size": "XL",
        "stock": 1000
    }
},
{
    "model": "store.item",
    "pk": 132,
    "fields": {
        "product": 23,
        "size": "XXL",
        "stock": 1000
    }
},
{
    "model": "store.item",
    "pk": 133,
    "fields": {
        "product": 24,
        "size": "S",
        "stock": 1000
    }
},
{
    "model": "store.item",
    "pk": 134,
    "fields": {
        "product": 24,
        "size": "M",
        "stock": 999
    }
},
{
    "model": "store.item",
    "pk": 135,
    "fields": {
        "product": 24,
        "size": "L",
        "stock": 1000
    }
},
{
    "model": "store.item",
    "pk": 136,
    "fields": {
        "product": 24,
        "size": "XL",
        "stock": 1000
    }
},
{
    "model": "store.item",
    "pk": 137,
    "fields": {
        "product": 25,
        "size": "XS",
        "stock": 999
    }
},
{
    "model": "store.item",
    "pk": 138,
    "fields": {
        "product": 25,
        "size": "S",
        "stock": 1000
    }
},
{
    "model": "store.item",
    "pk": 139,
    "fields": {
        "product": 25,
        "size": "M",
        "stock": 1000
    }
},
{
    "model": "store.item",
    "pk": 140,
    "fields": {
        "product": 25,
        "size": "L",
        "stock": 1000
    }
},
{
    "model": "store.item",
    "pk": 141,
    "fields": {
        "product": 25,
        "size": "XL",
        "stock": 1000
    }
},
{
    "model": "store.item",
    "pk": 142,
    "fields": {
        "product": 25,
        "size": "XXL",
        "stock": 1000
    }
},
{
    "model": "store.item",
    "pk": 143,
    "fields": {
        "product": 26,
        "size": "S",
        "stock": 1000
    }
},
{
    "model": "store.item",
    "pk": 144,
    "fields": {
        "product": 26,
        "size": "M",
        "stock": 1000
    }
},
{
    "model": "store.item",
    "pk": 145,
    "fields": {
        "product": 26,
        "size": "L",
        "stock": 1000
    }
},
{
    "model": "store.item",
    "pk": 146,
    "fields": {
        "product": 26,
        "size": "XL",
        "stock": 1000
    }
},
{
    "model": "store.item",
    "pk": 147,
    "fields": {
        "product": 27,
        "size": "XS",
        "stock": 1000
    }
},
{
    "model": "store.item",
    "pk": 148,
    "fields": {
        "product": 27,
        "size": "S",
        "stock": 1000
    }
},
{
    "model": "store.item",
    "pk": 149,
    "fields": {
        "product": 27,
        "size": "M",
        "stock": 1000
    }
},
{
    "model": "store.item",
    "pk": 150,
    "fields": {
        "product": 27,
        "size": "L",
        "stock": 1000
    }
},
{
    "model": "store.item",
    "pk": 151,
    "fields": {
        "product": 27,
        "size": "XL",
        "stock": 999
    }
},
{
    "model": "store.item",
    "pk": 152,
    "fields": {
        "product": 27,
        "size": "XXL",
        "stock": 1000
    }
},
{
    "model": "store.item",
    "pk": 153,
    "fields": {
        "product": 28,
        "size": "S",
        "stock": 1000
    }
},
{
    "model": "store.item",
    "pk": 154,
    "fields": {
        "product": 28,
        "size": "M",
        "stock": 1000
    }
},
{
    "model": "store.item",
    "pk": 155,
    "fields": {
        "product": 28,
        "size": "L",
        "stock": 1000
    }
},
{
    "model": "store.item",
    "pk": 156,
    "fields": {
        "product": 28,
        "size": "XL",
        "stock": 1000
    }
},
{
    "model": "store.item",
    "pk": 157,
    "fields": {
        "product": 29,
        "size": "XS",
        "stock": 999
    }
},
{
    "model": "store.item",
    "pk": 158,
    "fields": {
        "product": 29,
        "size": "S",
        "stock": 1000
    }
},
{
    "model": "store.item",
    "pk": 159,
    "fields": {
        "product": 29,
        "size": "M",
        "stock": 1000
    }
},
{
    "model": "store.item",
    "pk": 160,
    "fields": {
        "product": 29,
        "size": "L",
        "stock": 1000
    }
},
{
    "model": "store.item",
    "pk": 161,
    "fields": {
        "product": 29,
        "size": "XL",
        "stock": 1000
    }
},
{
    "model": "store.item",
    "pk": 162,
    "fields": {
        "product": 29,
        "size": "XXL",
        "stock": 999
    }
},
{
    "model": "store.item",
    "pk": 163,
    "fields": {
        "product": 30,
        "size": "S",
        "stock": 1000
    }
},
{
    "model": "store.item",
    "pk": 164,
    "fields": {
        "product": 30,
        "size": "M",
        "stock": 1000
    }
},
{
    "model": "store.item",
    "pk": 165,
    "fields": {
        "product": 30,
        "size": "L",
        "stock": 1000
    }
},
{
    "model": "store.item",
    "pk": 166,
    "fields": {
        "product": 30,
        "size": "XL",
        "stock": 1000
    }
},
{
    "model": "store.item",
    "pk": 167,
    "fields": {
        "product": 31,
        "size": "XS",
        "stock": 998
    }
},
{
    "model": "store.item",
    "pk": 168,
    "fields": {
        "product": 31,
        "size": "S",
        "stock": 1000
    }
},
{
    "model": "store.item",
    "pk": 169,
    "fields": {
        "product": 31,
        "size": "M",
        "stock": 1000
    }
},
{
    "model": "store.item",
    "pk": 170,
    "fields": {
        "product": 31,
        "size": "L",
        "stock": 1000
    }
},
{
    "model": "store.item",
    "pk": 171,
    "fields": {
        "product": 31,
        "size": "XL",
        "stock": 1000
    }
},
{
    "model": "store.item",
    "pk": 172,
    "fields": {
        "product": 31,
        "size": "XXL",
        "stock": 1000
    }
},
{
    "model": "store.item",
    "pk": 173,
    "fields": {
        "product": 32,
        "size": "S",
        "stock": 1000
    }
},
{
    "model": "store.item",
    "pk": 174,
    "fields": {
        "product": 32,
        "size": "M",
        "stock": 1000
    }
},
{
    "model": "store.item",
    "pk": 175,
    "fields": {
        "product": 32,
        "size": "L",
        "stock": 1000
    }
},
{
    "model": "store.item",
    "pk": 176,
    "fields": {
        "product": 32,
        "size": "XL",
        "stock": 1000
    }
},
{
    "model": "store.cart",
    "pk": 15,
    "fields": {
        "user": 12,
        "status": "Received",
        "cost": "117.96",
        "postage": "0.00",
        "total": "117.96",
        "date": "2018-04-05T22:52:51.501Z",
        "stripe_id": "tok_1CDg5vBg6YaYnrv9iMQA5Ytr"
    }
},
{
    "model": "store.cart",
    "pk": 16,
    "fields": {
        "user": 16,
        "status": "Received",
        "cost": "299.90",
        "postage": "0.00",
        "total": "299.90",
        "date": "2018-04-06T09:23:56.650Z",
        "stripe_id": "tok_1CDprTBg6YaYnrv9L0q2zVBi"
    }
},
{
    "model": "store.cart",
    "pk": 21,
    "fields": {
        "user": 12,
        "status": "Received",
        "cost": "29.99",
        "postage": "4.99",
        "total": "34.98",
        "date": "2018-04-05T23:11:51.501Z",
        "stripe_id": "tok_1CDgJGBg6YaYnrv9NeXz0fzg"
    }
},
{
    "model": "store.cart",
    "pk": 22,
    "fields": {
        "user": 12,
        "status": "Received",
        "cost": "29.99",
        "postage": "4.99",
        "total": "34.98",
        "date": "2018-04-05T23:21:51.501Z",
        "stripe_id": "tok_1CDgNABg6YaYnrv95P6UQFd0"
    }
},
{
    "model": "store.cart",
    "pk": 23,
    "fields": {
        "user": 12,
        "status": "Received",
        "cost": "29.99",
        "postage": "4.99",
        "total": "34.98",
        "date": "2018-04-05T23:30:51.501Z",
        "stripe_id": "tok_1CDgOPBg6YaYnrv958MA6MXj"
    }
},
{
    "model": "store.cart",
    "pk": 25,
    "fields": {
        "user": 1,
        "status": "Received",
        "cost": "29.99",
        "postage": "4.99",
        "total": "34.98",
        "date": "2018-04-05T23:45:51.501Z",
        "stripe_id": "tok_1CDif1Bg6YaYnrv9rPloh8ww"
    }
},
{
    "model": "store.cart",
    "pk": 26,
    "fields": {
        "user": 12,
        "status": "Received",
        "cost": "29.99",
        "postage": "4.99",
        "total": "34.98",
        "date": "2018-04-06T08:45:51.501Z",
        "stripe_id": "tok_1CDpGbBg6YaYnrv9nQYB7vq3"
    }
},
{
    "model": "store.cart",
    "pk": 28,
    "fields": {
        "user": 9,
        "status": "Received",
        "cost": "29.99",
        "postage": "4.99",
        "total": "34.98",
        "date": "2018-04-09T15:57:22.699Z",
        "stripe_id": "tok_1CF1QqBg6YaYnrv9sC6tcd9z"
    }
},
{
    "model": "store.cart",
    "pk": 30,
    "fields": {
        "user": 1,
        "status": "Received",
        "cost": "59.98",
        "postage": "0.00",
        "total": "59.98",
        "date": "2018-04-09T21:27:00.973Z",
        "stripe_id": "tok_1CF6ZlBg6YaYnrv9hg1dQhAZ"
    }
},
{
    "model": "store.cart",
    "pk": 31,
    "fields": {
        "user": 1,
        "status": "Received",
        "cost": "59.98",
        "postage": "0.00",
        "total": "59.98",
        "date": "2018-04-10T23:09:32.026Z",
        "stripe_id": "tok_1CFUeaBg6YaYnrv9dPZudqnx"
    }
},
{
    "model": "store.cart",
    "pk": 32,
    "fields": {
        "user": 1,
        "status": "Received",
        "cost": "149.93",
        "postage": "0.00",
        "total": "149.93",
        "date": "2018-04-12T14:07:54.311Z",
        "stripe_id": "tok_1CG59XBg6YaYnrv9mtdMm5mD"
    }
},
{
    "model": "store.cart",
    "pk": 33,
    "fields": {
        "user": 1,
        "status": "Received",
        "cost": "29.99",
        "postage": "4.99",
        "total": "34.98",
        "date": "2018-04-12T14:09:52.495Z",
        "stripe_id": "tok_1CG5BSBg6YaYnrv954h3boWu"
    }
},
{
    "model": "store.cart",
    "pk": 34,
    "fields": {
        "user": 8,
        "status": "Received",
        "cost": "59.98",
        "postage": "0.00",
        "total": "59.98",
        "date": "2018-04-12T14:34:01.504Z",
        "stripe_id": "tok_1CG5YpBg6YaYnrv9k1QjLN4N"
    }
},
{
    "model": "store.cart",
    "pk": 35,
    "fields": {
        "user": 8,
        "status": "Pending",
        "cost": "29.99",
        "postage": "4.99",
        "total": "34.98",
        "date": null,
        "stripe_id": ""
    }
},
{
    "model": "store.cart",
    "pk": 36,
    "fields": {
        "user": 6,
        "status": "Received",
        "cost": "29.99",
        "postage": "4.99",
        "total": "34.98",
        "date": "2018-04-12T21:15:38.155Z",
        "stripe_id": "tok_1CGBpTBg6YaYnrv9tCWd52jS"
    }
},
{
    "model": "store.cart",
    "pk": 37,
    "fields": {
        "user": 6,
        "status": "Pending",
        "cost": "29.99",
        "postage": "4.99",
        "total": "34.98",
        "date": null,
        "stripe_id": ""
    }
},
{
    "model": "store.cart",
    "pk": 38,
    "fields": {
        "user": 1,
        "status": "Received",
        "cost": "29.99",
        "postage": "4.99",
        "total": "34.98",
        "date": "2018-04-13T16:05:08.418Z",
        "stripe_id": "tok_1CGTSZBg6YaYnrv9CfZ90JAD"
    }
},
{
    "model": "store.cart",
    "pk": 39,
    "fields": {
        "user": 18,
        "status": "Received",
        "cost": "29.99",
        "postage": "4.99",
        "total": "34.98",
        "date": "2018-04-13T16:22:37.976Z",
        "stripe_id": "tok_1CGTjUBg6YaYnrv9O7MXC6XO"
    }
},
{
    "model": "store.cart",
    "pk": 40,
    "fields": {
        "user": 18,
        "status": "Received",
        "cost": "29.99",
        "postage": "4.99",
        "total": "34.98",
        "date": "2018-04-13T16:24:10.993Z",
        "stripe_id": "tok_1CGTkzBg6YaYnrv9fMA3MoY9"
    }
},
{
    "model": "store.cart",
    "pk": 41,
    "fields": {
        "user": 18,
        "status": "Pending",
        "cost": "44.98",
        "postage": "4.99",
        "total": "49.97",
        "date": null,
        "stripe_id": ""
    }
},
{
    "model": "store.cartitem",
    "pk": 18,
    "fields": {
        "cart": 15,
        "item": 1,
        "quantity": 2
    }
},
{
    "model": "store.cartitem",
    "pk": 24,
    "fields": {
        "cart": 16,
        "item": 31,
        "quantity": 10
    }
},
{
    "model": "store.cartitem",
    "pk": 28,
    "fields": {
        "cart": 15,
        "item": 7,
        "quantity": 1
    }
},
{
    "model": "store.cartitem",
    "pk": 30,
    "fields": {
        "cart": 15,
        "item": 13,
        "quantity": 1
    }
},
{
    "model": "store.cartitem",
    "pk": 33,
    "fields": {
        "cart": 21,
        "item": 7,
        "quantity": 1
    }
},
{
    "model": "store.cartitem",
    "pk": 34,
    "fields": {
        "cart": 22,
        "item": 29,
        "quantity": 1
    }
},
{
    "model": "store.cartitem",
    "pk": 35,
    "fields": {
        "cart": 23,
        "item": 31,
        "quantity": 1
    }
},
{
    "model": "store.cartitem",
    "pk": 41,
    "fields": {
        "cart": 25,
        "item": 6,
        "quantity": 1
    }
},
{
    "model": "store.cartitem",
    "pk": 42,
    "fields": {
        "cart": 26,
        "item": 45,
        "quantity": 1
    }
},
{
    "model": "store.cartitem",
    "pk": 45,
    "fields": {
        "cart": 28,
        "item": 5,
        "quantity": 1
    }
},
{
    "model": "store.cartitem",
    "pk": 47,
    "fields": {
        "cart": 30,
        "item": 17,
        "quantity": 1
    }
},
{
    "model": "store.cartitem",
    "pk": 48,
    "fields": {
        "cart": 30,
        "item": 25,
        "quantity": 1
    }
},
{
    "model": "store.cartitem",
    "pk": 54,
    "fields": {
        "cart": 31,
        "item": 79,
        "quantity": 1
    }
},
{
    "model": "store.cartitem",
    "pk": 56,
    "fields": {
        "cart": 31,
        "item": 17,
        "quantity": 1
    }
},
{
    "model": "store.cartitem",
    "pk": 57,
    "fields": {
        "cart": 32,
        "item": 105,
        "quantity": 1
    }
},
{
    "model": "store.cartitem",
    "pk": 58,
    "fields": {
        "cart": 32,
        "item": 104,
        "quantity": 1
    }
},
{
    "model": "store.cartitem",
    "pk": 60,
    "fields": {
        "cart": 32,
        "item": 106,
        "quantity": 1
    }
},
{
    "model": "store.cartitem",
    "pk": 61,
    "fields": {
        "cart": 32,
        "item": 167,
        "quantity": 1
    }
},
{
    "model": "store.cartitem",
    "pk": 62,
    "fields": {
        "cart": 32,
        "item": 107,
        "quantity": 1
    }
},
{
    "model": "store.cartitem",
    "pk": 63,
    "fields": {
        "cart": 32,
        "item": 162,
        "quantity": 1
    }
},
{
    "model": "store.cartitem",
    "pk": 64,
    "fields": {
        "cart": 32,
        "item": 134,
        "quantity": 1
    }
},
{
    "model": "store.cartitem",
    "pk": 65,
    "fields": {
        "cart": 33,
        "item": 167,
        "quantity": 1
    }
},
{
    "model": "store.cartitem",
    "pk": 67,
    "fields": {
        "cart": 34,
        "item": 31,
        "quantity": 2
    }
},
{
    "model": "store.cartitem",
    "pk": 68,
    "fields": {
        "cart": 35,
        "item": 1,
        "quantity": 1
    }
},
{
    "model": "store.cartitem",
    "pk": 69,
    "fields": {
        "cart": 36,
        "item": 151,
        "quantity": 1
    }
},
{
    "model": "store.cartitem",
    "pk": 70,
    "fields": {
        "cart": 37,
        "item": 73,
        "quantity": 1
    }
},
{
    "model": "store.cartitem",
    "pk": 71,
    "fields": {
        "cart": 38,
        "item": 157,
        "quantity": 1
    }
},
{
    "model": "store.cartitem",
    "pk": 72,
    "fields": {
        "cart": 39,
        "item": 97,
        "quantity": 1
    }
},
{
    "model": "store.cartitem",
    "pk": 73,
    "fields": {
        "cart": 40,
        "item": 137,
        "quantity": 1
    }
},
{
    "model": "store.cartitem",
    "pk": 74,
    "fields": {
        "cart": 41,
        "item": 113,
        "quantity": 1
    }
},
{
    "model": "store.cartitem",
    "pk": 75,
    "fields": {
        "cart": 41,
        "item": 85,
        "quantity": 1
    }
}
]
